UUID	parameters
0216077-d5d4-4e63-beb4-3a392c93f887	{"prompt": "high quality,highres,1girl, cloud, high quality,highres,1girl,cloud, scenery, sunset", "negative_prompt": "lowres, bad anatomy, bad hands, text, error, missing fingers, extra digit, fewer digits, cropped, worst quality, low quality, normal quality, jpeg artifacts, signature, watermark, username, blurry,no_humans, lowres, bad anatomy, bad hands, text, error, missing fingers, extra digit, fewer digits, cropped, worst quality, low quality, normal quality, jpeg artifacts, signature, watermark, username, blurry,no_humans", "steps": 32, "sampler_index": "DPM2 Karras", "cfg_scale": 11.0, "seed": 595727703, "width": 1024, "height": 512, "model_hash": "e6e8e1fc", "denoising_strength": 0.0}
246ac8ac-9155-4a84-a17f-797f91dde1ad	{"prompt": "high quality,highres,\\n1girl, cloud, high quality,highres,1girl,cloud, scenery, sunset\\n\\\\nmasterpiece", "negative_prompt": "lowres, bad anatomy, bad hands, text, error, missing fingers, extra digit, fewer digits, cropped, worst quality, low quality, normal quality, jpeg artifacts, signature, watermark, username, blurry,no_humans, lowres, bad anatomy, bad hands, text, error, missing fingers, extra digit, fewer digits, cropped, worst quality, low quality, normal quality, jpeg artifacts, signature, watermark, username, blurry,no_humans", "steps": 32, "sampler_index": "DPM2 Karras", "cfg_scale": 11.0, "seed": 1106568072, "width": 1024, "height": 512, "model_hash": "e6e8e1fc", "denoising_strength": 0.0}
182fe3d1-5709-46a0-8ad2-c16c2bc316df	{"pos_prompt": "", "neg_prompt": "", "steps": "", "sampler": "", "cfg": "", "seed": "", "width": "", "height": "", "model_hash": "", "denoising_strength": ""}
dac9055a-37a8-4ca3-89a5-f08020fc75f0	{"prompt": "cloud, high quality,highres,1girl,cloud, scenery, sunset", "negative_prompt": "lowres, bad anatomy, bad hands, text, error, missing fingers, extra digit, fewer digits, cropped, worst quality, low quality, normal quality, jpeg artifacts, signature, watermark, username, blurry,no_humans", "steps": 32, "sampler_index": "Euler a", "cfg_scale": 11.0, "seed": 625594941, "width": 1024, "height": 512, "model_hash": "e6e8e1fc", "denoising_strength": 0.0}
8dbd4b63-d9f7-4caf-b83a-98ab39e64bc0	{"prompt": "high quality,highres,1girl, cloud, high quality,highres,1girl,cloud, scenery, sunset", "negative_prompt": "lowres, bad anatomy, bad hands, text, error, missing fingers, extra digit, fewer digits, cropped, worst quality, low quality, normal quality, jpeg artifacts, signature, watermark, username, blurry,no_humans, lowres, bad anatomy, bad hands, text, error, missing fingers, extra digit, fewer digits, cropped, worst quality, low quality, normal quality, jpeg artifacts, signature, watermark, username, blurry,no_humans", "steps": 32, "sampler_index": "DPM2 Karras", "cfg_scale": 11.0, "seed": 1182135976, "width": 1024, "height": 512, "model_hash": "e6e8e1fc", "denoising_strength": 0.0}
fcd3d764-7032-416e-8b2f-e8659dad9291	{"prompt": "high quality,highres,1girl, cloud, high quality,highres,1girl,cloud, scenery, sunset", "negative_prompt": "lowres, bad anatomy, bad hands, text, error, missing fingers, extra digit, fewer digits, cropped, worst quality, low quality, normal quality, jpeg artifacts, signature, watermark, username, blurry,no_humans, lowres, bad anatomy, bad hands, text, error, missing fingers, extra digit, fewer digits, cropped, worst quality, low quality, normal quality, jpeg artifacts, signature, watermark, username, blurry,no_humans", "steps": 32, "sampler_index": "DPM2 Karras", "cfg_scale": 11.0, "seed": 3975995499, "width": 1024, "height": 512, "model_hash": "e6e8e1fc", "denoising_strength": 0.0}
7b2ac857-c3ab-479c-828b-3898d5f6a6e0	{"prompt": "high quality,highres,1girl, cloud, high quality,highres,1girl,cloud, scenery, sunset", "negative_prompt": "lowres, bad anatomy, bad hands, text, error, missing fingers, extra digit, fewer digits, cropped, worst quality, low quality, normal quality, jpeg artifacts, signature, watermark, username, blurry,no_humans, lowres, bad anatomy, bad hands, text, error, missing fingers, extra digit, fewer digits, cropped, worst quality, low quality, normal quality, jpeg artifacts, signature, watermark, username, blurry,no_humans", "steps": 32, "sampler_index": "DPM2 Karras", "cfg_scale": 11.0, "seed": 907460195, "width": 1024, "height": 512, "model_hash": "e6e8e1fc", "denoising_strength": 0.0}
50c90643-fe32-44c4-8667-437de19987e8	{"prompt": "high quality,highres,1girl, cloud, high quality,highres,1girl,cloud, scenery, sunset", "negative_prompt": "lowres, bad anatomy, bad hands, text, error, missing fingers, extra digit, fewer digits, cropped, worst quality, low quality, normal quality, jpeg artifacts, signature, watermark, username, blurry,no_humans, lowres, bad anatomy, bad hands, text, error, missing fingers, extra digit, fewer digits, cropped, worst quality, low quality, normal quality, jpeg artifacts, signature, watermark, username, blurry,no_humans", "steps": 32, "sampler_index": "DPM2 Karras", "cfg_scale": 11.0, "seed": 471519214, "width": 1024, "height": 512, "model_hash": "e6e8e1fc", "denoising_strength": 0.0}
117d8712-8ae0-4968-9328-d9905692e967	{"prompt": "high quality,highres,1girl, cloud, high quality,highres,1girl,cloud, scenery, sunset", "negative_prompt": "lowres, bad anatomy, bad hands, text, error, missing fingers, extra digit, fewer digits, cropped, worst quality, low quality, normal quality, jpeg artifacts, signature, watermark, username, blurry,no_humans, lowres, bad anatomy, bad hands, text, error, missing fingers, extra digit, fewer digits, cropped, worst quality, low quality, normal quality, jpeg artifacts, signature, watermark, username, blurry,no_humans", "steps": 32, "sampler_index": "DPM2 Karras", "cfg_scale": 11.0, "seed": 2868178577, "width": 1024, "height": 512, "model_hash": "e6e8e1fc", "denoising_strength": 0.0}
3e19967c-4446-4906-a2b5-4657c4b408ec	{"prompt": "high quality,highres,1girl, cloud, high quality,highres,1girl,cloud, scenery, sunset", "negative_prompt": "lowres, bad anatomy, bad hands, text, error, missing fingers, extra digit, fewer digits, cropped, worst quality, low quality, normal quality, jpeg artifacts, signature, watermark, username, blurry,no_humans, lowres, bad anatomy, bad hands, text, error, missing fingers, extra digit, fewer digits, cropped, worst quality, low quality, normal quality, jpeg artifacts, signature, watermark, username, blurry,no_humans", "steps": 32, "sampler_index": "DPM2 Karras", "cfg_scale": 11.0, "seed": 3098717190, "width": 1024, "height": 512, "model_hash": "e6e8e1fc", "denoising_strength": 0.0}
cc6cd494-2275-4258-b59e-a8ee78217423	{"prompt": "high quality,highres,1girl, cloud, high quality,highres,1girl,cloud, scenery, sunset", "negative_prompt": "lowres, bad anatomy, bad hands, text, error, missing fingers, extra digit, fewer digits, cropped, worst quality, low quality, normal quality, jpeg artifacts, signature, watermark, username, blurry,no_humans, lowres, bad anatomy, bad hands, text, error, missing fingers, extra digit, fewer digits, cropped, worst quality, low quality, normal quality, jpeg artifacts, signature, watermark, username, blurry,no_humans", "steps": 32, "sampler_index": "DPM2 Karras", "cfg_scale": 11.0, "seed": 1282833494, "width": 1024, "height": 512, "model_hash": "e6e8e1fc", "denoising_strength": 0.0}
c44275bf-03fd-4409-965e-35739be3e124	{"prompt": "high quality,highres,1girl, cloud, high quality,highres,1girl,cloud, scenery, sunset", "negative_prompt": "lowres, bad anatomy, bad hands, text, error, missing fingers, extra digit, fewer digits, cropped, worst quality, low quality, normal quality, jpeg artifacts, signature, watermark, username, blurry,no_humans, lowres, bad anatomy, bad hands, text, error, missing fingers, extra digit, fewer digits, cropped, worst quality, low quality, normal quality, jpeg artifacts, signature, watermark, username, blurry,no_humans", "steps": 32, "sampler_index": "DPM2 Karras", "cfg_scale": 11.0, "seed": 1600604489, "width": 1024, "height": 512, "model_hash": "e6e8e1fc", "denoising_strength": 0.0}
14537b26-2e44-43b0-a2d0-f45310d08863	{"prompt": "high quality,highres,1girl, cloud, high quality,highres,1girl,cloud, scenery, sunset", "negative_prompt": "lowres, bad anatomy, bad hands, text, error, missing fingers, extra digit, fewer digits, cropped, worst quality, low quality, normal quality, jpeg artifacts, signature, watermark, username, blurry,no_humans, lowres, bad anatomy, bad hands, text, error, missing fingers, extra digit, fewer digits, cropped, worst quality, low quality, normal quality, jpeg artifacts, signature, watermark, username, blurry,no_humans", "steps": 32, "sampler_index": "DPM2 Karras", "cfg_scale": 11.0, "seed": 1991478186, "width": 1024, "height": 512, "model_hash": "e6e8e1fc", "denoising_strength": 0.0}
57d9cdfe-9682-4f2f-8456-0f993646c74c	{"prompt": "cloud, high quality,highres,1girl,cloud, scenery, sunset", "negative_prompt": "lowres, bad anatomy, bad hands, text, error, missing fingers, extra digit, fewer digits, cropped, worst quality, low quality, normal quality, jpeg artifacts, signature, watermark, username, blurry,no_humans", "steps": 32, "sampler_index": "Euler a", "cfg_scale": 11.0, "seed": 2230242004, "width": 1024, "height": 512, "model_hash": "e6e8e1fc", "denoising_strength": 0.0}
589a9494-927b-4a76-9daa-8d6714d7f799	{"prompt": "cloud, high quality,highres,1girl,cloud, scenery, sunset", "negative_prompt": "lowres, bad anatomy, bad hands, text, error, missing fingers, extra digit, fewer digits, cropped, worst quality, low quality, normal quality, jpeg artifacts, signature, watermark, username, blurry,no_humans", "steps": 32, "sampler_index": "Euler a", "cfg_scale": 11.0, "seed": 2688203911, "width": 1024, "height": 512, "model_hash": "e6e8e1fc", "denoising_strength": 0.0}
648db839-d772-456f-88a8-a587e8869c80	{"prompt": "cloud, high quality,highres,1girl,cloud, scenery, sunset", "negative_prompt": "lowres, bad anatomy, bad hands, text, error, missing fingers, extra digit, fewer digits, cropped, worst quality, low quality, normal quality, jpeg artifacts, signature, watermark, username, blurry,no_humans", "steps": 32, "sampler_index": "Euler a", "cfg_scale": 11.0, "seed": 2000239688, "width": 1024, "height": 512, "model_hash": "e6e8e1fc", "denoising_strength": 0.0}
05cca5a1-087b-4a65-bf33-3b7df0a40e03	{"prompt": "high quality,highres,1girl, cloud, high quality,highres,1girl,cloud, scenery, sunset", "negative_prompt": "lowres, bad anatomy, bad hands, text, error, missing fingers, extra digit, fewer digits, cropped, worst quality, low quality, normal quality, jpeg artifacts, signature, watermark, username, blurry,no_humans, lowres, bad anatomy, bad hands, text, error, missing fingers, extra digit, fewer digits, cropped, worst quality, low quality, normal quality, jpeg artifacts, signature, watermark, username, blurry,no_humans", "steps": 32, "sampler_index": "DPM2 Karras", "cfg_scale": 11.0, "seed": 3874683804, "width": 1024, "height": 512, "model_hash": "e6e8e1fc", "denoising_strength": 0.0}
7bb03ccb-f9b4-4e09-874a-3b53d4d6cc1d	{"prompt": "high quality,highres,1girl, cloud, high quality,highres,1girl,cloud, scenery, sunset", "negative_prompt": "lowres, bad anatomy, bad hands, text, error, missing fingers, extra digit, fewer digits, cropped, worst quality, low quality, normal quality, jpeg artifacts, signature, watermark, username, blurry,no_humans, lowres, bad anatomy, bad hands, text, error, missing fingers, extra digit, fewer digits, cropped, worst quality, low quality, normal quality, jpeg artifacts, signature, watermark, username, blurry,no_humans", "steps": 32, "sampler_index": "DPM2 Karras", "cfg_scale": 11.0, "seed": 3893973150, "width": 1024, "height": 512, "model_hash": "e6e8e1fc", "denoising_strength": 0.0}
cb8453a9-b74d-48e6-98c3-5f538951400c	{"prompt": "high quality,highres,1girl, cloud, high quality,highres,1girl,cloud, scenery, sunset", "negative_prompt": "lowres, bad anatomy, bad hands, text, error, missing fingers, extra digit, fewer digits, cropped, worst quality, low quality, normal quality, jpeg artifacts, signature, watermark, username, blurry,no_humans, lowres, bad anatomy, bad hands, text, error, missing fingers, extra digit, fewer digits, cropped, worst quality, low quality, normal quality, jpeg artifacts, signature, watermark, username, blurry,no_humans", "steps": 32, "sampler_index": "DPM2 Karras", "cfg_scale": 11.0, "seed": 148218264, "width": 1024, "height": 512, "model_hash": "e6e8e1fc", "denoising_strength": 0.0}
539c87d8-1db4-435d-a3b7-4dd5b377027b	{"prompt": "high quality,highres,1girl, cloud, high quality,highres,1girl,cloud, scenery, sunset", "negative_prompt": "lowres, bad anatomy, bad hands, text, error, missing fingers, extra digit, fewer digits, cropped, worst quality, low quality, normal quality, jpeg artifacts, signature, watermark, username, blurry,no_humans, lowres, bad anatomy, bad hands, text, error, missing fingers, extra digit, fewer digits, cropped, worst quality, low quality, normal quality, jpeg artifacts, signature, watermark, username, blurry,no_humans", "steps": 32, "sampler_index": "DPM2 Karras", "cfg_scale": 11.0, "seed": 1901985931, "width": 1024, "height": 512, "model_hash": "e6e8e1fc", "denoising_strength": 0.0}
9bb50429-2d1f-4e24-85db-e1fd90f551bb	{"prompt": "high quality,highres,1girl, cloud, high quality,highres,1girl,cloud, scenery, sunset", "negative_prompt": "lowres, bad anatomy, bad hands, text, error, missing fingers, extra digit, fewer digits, cropped, worst quality, low quality, normal quality, jpeg artifacts, signature, watermark, username, blurry,no_humans, lowres, bad anatomy, bad hands, text, error, missing fingers, extra digit, fewer digits, cropped, worst quality, low quality, normal quality, jpeg artifacts, signature, watermark, username, blurry,no_humans", "steps": 32, "sampler_index": "DPM2 Karras", "cfg_scale": 11.0, "seed": 2533038284, "width": 1024, "height": 512, "model_hash": "e6e8e1fc", "denoising_strength": 0.0}
df634332-c656-4192-b40c-7e24cbaec803	{"prompt": "high quality,highres,1girl, cloud, high quality,highres,1girl,cloud, scenery, sunset", "negative_prompt": "lowres, bad anatomy, bad hands, text, error, missing fingers, extra digit, fewer digits, cropped, worst quality, low quality, normal quality, jpeg artifacts, signature, watermark, username, blurry,no_humans, lowres, bad anatomy, bad hands, text, error, missing fingers, extra digit, fewer digits, cropped, worst quality, low quality, normal quality, jpeg artifacts, signature, watermark, username, blurry,no_humans", "steps": 32, "sampler_index": "DPM2 Karras", "cfg_scale": 11.0, "seed": 1553248309, "width": 1024, "height": 512, "model_hash": "e6e8e1fc", "denoising_strength": 0.0}
f3957547-5757-4cf9-b7ab-e64862967dbd	{"prompt": "high quality,highres,1girl, cloud, high quality,highres,1girl,cloud, scenery, sunset", "negative_prompt": "lowres, bad anatomy, bad hands, text, error, missing fingers, extra digit, fewer digits, cropped, worst quality, low quality, normal quality, jpeg artifacts, signature, watermark, username, blurry,no_humans, lowres, bad anatomy, bad hands, text, error, missing fingers, extra digit, fewer digits, cropped, worst quality, low quality, normal quality, jpeg artifacts, signature, watermark, username, blurry,no_humans", "steps": 32, "sampler_index": "DPM2 Karras", "cfg_scale": 11.0, "seed": 1862250084, "width": 1024, "height": 512, "model_hash": "e6e8e1fc", "denoising_strength": 0.0}
371afd50-9db0-45fc-9629-cc6d10e85d4d	{"prompt": "high quality,highres,1girl, cloud, high quality,highres,1girl,cloud, scenery, sunset", "negative_prompt": "lowres, bad anatomy, bad hands, text, error, missing fingers, extra digit, fewer digits, cropped, worst quality, low quality, normal quality, jpeg artifacts, signature, watermark, username, blurry,no_humans, lowres, bad anatomy, bad hands, text, error, missing fingers, extra digit, fewer digits, cropped, worst quality, low quality, normal quality, jpeg artifacts, signature, watermark, username, blurry,no_humans", "steps": 32, "sampler_index": "DPM2 Karras", "cfg_scale": 11.0, "seed": 1547976075, "width": 1024, "height": 512, "model_hash": "e6e8e1fc", "denoising_strength": 0.0}
c0847f35-9368-424e-afbc-d7c637dacb8f	{"prompt": "high quality,highres,1girl, cloud, high quality,highres,1girl,cloud, scenery, sunset", "negative_prompt": "lowres, bad anatomy, bad hands, text, error, missing fingers, extra digit, fewer digits, cropped, worst quality, low quality, normal quality, jpeg artifacts, signature, watermark, username, blurry,no_humans, lowres, bad anatomy, bad hands, text, error, missing fingers, extra digit, fewer digits, cropped, worst quality, low quality, normal quality, jpeg artifacts, signature, watermark, username, blurry,no_humans", "steps": 32, "sampler_index": "DPM2 Karras", "cfg_scale": 11.0, "seed": 4164886381, "width": 1024, "height": 512, "model_hash": "e6e8e1fc", "denoising_strength": 0.0}
48e8d060-c5b6-4748-9304-185aa4fdfdf2	{"prompt": "high quality,highres,1girl, cloud, high quality,highres,1girl,cloud, scenery, sunset", "negative_prompt": "lowres, bad anatomy, bad hands, text, error, missing fingers, extra digit, fewer digits, cropped, worst quality, low quality, normal quality, jpeg artifacts, signature, watermark, username, blurry,no_humans, lowres, bad anatomy, bad hands, text, error, missing fingers, extra digit, fewer digits, cropped, worst quality, low quality, normal quality, jpeg artifacts, signature, watermark, username, blurry,no_humans", "steps": 32, "sampler_index": "DPM2 Karras", "cfg_scale": 11.0, "seed": 2847527302, "width": 1024, "height": 512, "model_hash": "e6e8e1fc", "denoising_strength": 0.0}
612d535c-8024-4732-9312-556772368ec7	{"prompt": "high quality,highres,1girl, cloud, high quality,highres,1girl,cloud, scenery, sunset", "negative_prompt": "lowres, bad anatomy, bad hands, text, error, missing fingers, extra digit, fewer digits, cropped, worst quality, low quality, normal quality, jpeg artifacts, signature, watermark, username, blurry,no_humans, lowres, bad anatomy, bad hands, text, error, missing fingers, extra digit, fewer digits, cropped, worst quality, low quality, normal quality, jpeg artifacts, signature, watermark, username, blurry,no_humans", "steps": 32, "sampler_index": "DPM2 Karras", "cfg_scale": 11.0, "seed": 2562670075, "width": 1024, "height": 512, "model_hash": "e6e8e1fc", "denoising_strength": 0.0}
ae76e548-d11c-4a36-9f36-672be8d13eac	{"prompt": "high quality,highres,1girl, cloud, high quality,highres,1girl,cloud, scenery, sunset", "negative_prompt": "lowres, bad anatomy, bad hands, text, error, missing fingers, extra digit, fewer digits, cropped, worst quality, low quality, normal quality, jpeg artifacts, signature, watermark, username, blurry,no_humans, lowres, bad anatomy, bad hands, text, error, missing fingers, extra digit, fewer digits, cropped, worst quality, low quality, normal quality, jpeg artifacts, signature, watermark, username, blurry,no_humans", "steps": 32, "sampler_index": "DPM2 Karras", "cfg_scale": 11.0, "seed": 3338660326, "width": 1024, "height": 512, "model_hash": "e6e8e1fc", "denoising_strength": 0.0}
2d16914f-2938-4bbf-ba33-774685f3c94b	{"prompt": "high quality,highres,1girl, cloud, high quality,highres,1girl,cloud, scenery, sunset", "negative_prompt": "lowres, bad anatomy, bad hands, text, error, missing fingers, extra digit, fewer digits, cropped, worst quality, low quality, normal quality, jpeg artifacts, signature, watermark, username, blurry,no_humans, lowres, bad anatomy, bad hands, text, error, missing fingers, extra digit, fewer digits, cropped, worst quality, low quality, normal quality, jpeg artifacts, signature, watermark, username, blurry,no_humans", "steps": 32, "sampler_index": "DPM2 Karras", "cfg_scale": 11.0, "seed": 1116780558, "width": 1024, "height": 512, "model_hash": "e6e8e1fc", "denoising_strength": 0.0}
58f3bd98-1491-46e6-875b-020cc209b7a9	{"prompt": "high quality,highres,1girl, cloud, high quality,highres,1girl,cloud, scenery, sunset", "negative_prompt": "lowres, bad anatomy, bad hands, text, error, missing fingers, extra digit, fewer digits, cropped, worst quality, low quality, normal quality, jpeg artifacts, signature, watermark, username, blurry,no_humans, lowres, bad anatomy, bad hands, text, error, missing fingers, extra digit, fewer digits, cropped, worst quality, low quality, normal quality, jpeg artifacts, signature, watermark, username, blurry,no_humans", "steps": 32, "sampler_index": "DPM2 Karras", "cfg_scale": 11.0, "seed": 2692715727, "width": 1024, "height": 512, "model_hash": "e6e8e1fc", "denoising_strength": 0.0}
c5fe21da-c1eb-43a8-b10d-de08bbcf20e0	{"prompt": "high quality,highres,1girl,cloud, scenery, sunset", "negative_prompt": "lowres, bad anatomy, bad hands, text, error, missing fingers, extra digit, fewer digits, cropped, worst quality, low quality, normal quality, jpeg artifacts, signature, watermark, username, blurry", "steps": 32, "sampler_index": "DPM2 Karras", "cfg_scale": 11.0, "seed": 2064199523, "width": 1024, "height": 512, "model_hash": "e6e8e1fc", "denoising_strength": 0.0}
ef24af5a-8576-4be6-b4d0-5388f7bc89be	{"prompt": "high quality,highres,1girl,cloud, scenery, sunset", "negative_prompt": "lowres, bad anatomy, bad hands, text, error, missing fingers, extra digit, fewer digits, cropped, worst quality, low quality, normal quality, jpeg artifacts, signature, watermark, username, blurry", "steps": 32, "sampler_index": "DPM2 Karras", "cfg_scale": 11.0, "seed": 152133176, "width": 1024, "height": 512, "model_hash": "e6e8e1fc", "denoising_strength": 0.0}
9486bdd6-860c-43c8-9669-43a9b5c2e718	{"prompt": "cloud, high quality,highres,cloud, scenery, sunset", "negative_prompt": "lowres, bad anatomy, bad hands, text, error, missing fingers, extra digit, fewer digits, cropped, worst quality, low quality, normal quality, jpeg artifacts, signature, watermark, username, blurry", "steps": 32, "sampler_index": "DPM2 Karras", "cfg_scale": 11.0, "seed": 3859544626, "width": 1024, "height": 512, "model_hash": "e6e8e1fc", "denoising_strength": 0.0}
26632ada-fb29-46e2-9d10-7582d35c7b75	{}
dd2aad43-5709-487e-a192-4e62b32d98cf	{}
dd454deb-7004-407a-9400-4e65f61f05db	{}
32af93c5-e275-4d6e-8103-4be862e40a04	{}
9dbfb2bd-a10d-45a5-9a8d-a4bace04cbb0	{"prompt": "high quality,highres,1girl, cloud, high quality,highres,1girl,cloud, scenery, sunset", "negative_prompt": "lowres, bad anatomy, bad hands, text, error, missing fingers, extra digit, fewer digits, cropped, worst quality, low quality, normal quality, jpeg artifacts, signature, watermark, username, blurry,no_humans, lowres, bad anatomy, bad hands, text, error, missing fingers, extra digit, fewer digits, cropped, worst quality, low quality, normal quality, jpeg artifacts, signature, watermark, username, blurry,no_humans", "steps": 32, "sampler_index": "DPM2 Karras", "cfg_scale": 11.0, "seed": 3125303041, "width": 1024, "height": 512, "model_hash": "e6e8e1fc", "denoising_strength": 0.0}
0d4cc267-f99f-4595-ad7d-53b2d2025b91	{"prompt": "cloud, high quality,highres,cloud, scenery, sunset", "negative_prompt": "lowres, bad anatomy, bad hands, text, error, missing fingers, extra digit, fewer digits, cropped, worst quality, low quality, normal quality, jpeg artifacts, signature, watermark, username, blurry", "steps": 35, "sampler_index": "PLMS", "cfg_scale": 11.0, "seed": 3173841694, "width": 1024, "height": 512, "model_hash": "e6e8e1fc", "denoising_strength": 0.0}
0a280a5b-49ec-4c8d-8edc-46bed62646f9	{"prompt": "cloud, high quality,highres,cloud, scenery, sunset", "negative_prompt": "lowres, bad anatomy, bad hands, text, error, missing fingers, extra digit, fewer digits, cropped, worst quality, low quality, normal quality, jpeg artifacts, signature, watermark, username, blurry", "steps": 35, "sampler_index": "PLMS", "cfg_scale": 11.0, "seed": 1991270126, "width": 1024, "height": 512, "model_hash": "e6e8e1fc", "denoising_strength": 0.0}
20a4833e-5de6-4b82-951d-c40f35678441	{"prompt": "cloud, high quality,highres,1girl,cloud, scenery, sunset", "negative_prompt": "lowres, bad anatomy, bad hands, text, error, missing fingers, extra digit, fewer digits, cropped, worst quality, low quality, normal quality, jpeg artifacts, signature, watermark, username, blurry,no_humans", "steps": 35, "sampler_index": "PLMS", "cfg_scale": 11.0, "seed": 4117893259, "width": 1024, "height": 512, "model_hash": "e6e8e1fc", "denoising_strength": 0.0}
19aec2b7-c675-424f-a3f1-39b7863d122a	{"prompt": "cloud, high quality,highres,1girl,cloud, scenery, sunset", "negative_prompt": "lowres, bad anatomy, bad hands, text, error, missing fingers, extra digit, fewer digits, cropped, worst quality, low quality, normal quality, jpeg artifacts, signature, watermark, username, blurry,no_humans", "steps": 35, "sampler_index": "PLMS", "cfg_scale": 11.0, "seed": 3952890301, "width": 1024, "height": 512, "model_hash": "e6e8e1fc", "denoising_strength": 0.0}
6b59150d-ae65-41b1-bbda-6ec043956e8d	{"prompt": "cloud, high quality,highres,1girl,cloud, scenery, sunset", "negative_prompt": "lowres, bad anatomy, bad hands, text, error, missing fingers, extra digit, fewer digits, cropped, worst quality, low quality, normal quality, jpeg artifacts, signature, watermark, username, blurry,no_humans", "steps": 35, "sampler_index": "PLMS", "cfg_scale": 11.0, "seed": 3865270152, "width": 1024, "height": 512, "model_hash": "e6e8e1fc", "denoising_strength": 0.0}
80bd8d01-00ce-4c10-82b9-a83b139d8162	{"prompt": "cloud, high quality,highres,1girl,cloud, scenery, sunset", "negative_prompt": "lowres, bad anatomy, bad hands, text, error, missing fingers, extra digit, fewer digits, cropped, worst quality, low quality, normal quality, jpeg artifacts, signature, watermark, username, blurry,no_humans", "steps": 35, "sampler_index": "PLMS", "cfg_scale": 11.0, "seed": 2653528574, "width": 1024, "height": 512, "model_hash": "e6e8e1fc", "denoising_strength": 0.0}
232ede44-16a7-4faa-8c5e-adbc1af5d281	{"prompt": "cloud, high quality,highres,1girl,cloud, scenery, sunset", "negative_prompt": "lowres, bad anatomy, bad hands, text, error, missing fingers, extra digit, fewer digits, cropped, worst quality, low quality, normal quality, jpeg artifacts, signature, watermark, username, blurry,no_humans", "steps": 32, "sampler_index": "DPM2 Karras", "cfg_scale": 11.0, "seed": 1695834171, "width": 1024, "height": 512, "model_hash": "e6e8e1fc", "denoising_strength": 0.0}
cfb1fdaf-4ffa-4441-b8e0-e13825ecf21e	{"prompt": "cloud, high quality,highres,1girl,cloud, scenery, sunset", "negative_prompt": "lowres, bad anatomy, bad hands, text, error, missing fingers, extra digit, fewer digits, cropped, worst quality, low quality, normal quality, jpeg artifacts, signature, watermark, username, blurry,no_humans", "steps": 32, "sampler_index": "DPM2 Karras", "cfg_scale": 11.0, "seed": 636008942, "width": 1024, "height": 512, "model_hash": "e6e8e1fc", "denoising_strength": 0.0}
7d38ad55-07d9-416b-958a-05e0d2e9a64c	{"prompt": "high quality,highres,1girl,cloud, scenery, sunset", "negative_prompt": "lowres, bad anatomy, bad hands, text, error, missing fingers, extra digit, fewer digits, cropped, worst quality, low quality, normal quality, jpeg artifacts, signature, watermark, username, blurry", "steps": 32, "sampler_index": "DPM2 Karras", "cfg_scale": 11.0, "seed": 1345054125, "width": 1024, "height": 512, "model_hash": "e6e8e1fc", "denoising_strength": 0.0}
f67b113b-60ef-4ce3-a00c-a0b527ce57df	{"prompt": "high quality,highres,1girl,cloud, scenery, sunset", "negative_prompt": "lowres, bad anatomy, bad hands, text, error, missing fingers, extra digit, fewer digits, cropped, worst quality, low quality, normal quality, jpeg artifacts, signature, watermark, username, blurry", "steps": 32, "sampler_index": "DPM2 Karras", "cfg_scale": 11.0, "seed": 3876992080, "width": 1024, "height": 512, "model_hash": "e6e8e1fc", "denoising_strength": 0.0}
45bf8561-7616-4578-a04d-2d0fc4e7c10b	{"prompt": "high quality,highres,1girl,cloud, scenery, sunset", "negative_prompt": "lowres, bad anatomy, bad hands, text, error, missing fingers, extra digit, fewer digits, cropped, worst quality, low quality, normal quality, jpeg artifacts, signature, watermark, username, blurry", "steps": 32, "sampler_index": "DPM2 Karras", "cfg_scale": 11.0, "seed": 658221344, "width": 1024, "height": 512, "model_hash": "e6e8e1fc", "denoising_strength": 0.0}
ce6e438d-8646-4f0c-b6e3-80b43ad17d39	{"prompt": "high quality,highres,1girl, cloud, high quality,highres,1girl,cloud, scenery, sunset", "negative_prompt": "lowres, bad anatomy, bad hands, text, error, missing fingers, extra digit, fewer digits, cropped, worst quality, low quality, normal quality, jpeg artifacts, signature, watermark, username, blurry,no_humans, lowres, bad anatomy, bad hands, text, error, missing fingers, extra digit, fewer digits, cropped, worst quality, low quality, normal quality, jpeg artifacts, signature, watermark, username, blurry,no_humans", "steps": 32, "sampler_index": "DPM2 Karras", "cfg_scale": 11.0, "seed": 3130109202, "width": 1024, "height": 512, "model_hash": "e6e8e1fc", "denoising_strength": 0.0}
6930cec7-2ff9-45e2-9860-2ad311cc0e0c	{"prompt": "high quality,highres,1girl, cloud, high quality,highres,1girl,cloud, scenery, sunset", "negative_prompt": "lowres, bad anatomy, bad hands, text, error, missing fingers, extra digit, fewer digits, cropped, worst quality, low quality, normal quality, jpeg artifacts, signature, watermark, username, blurry,no_humans, lowres, bad anatomy, bad hands, text, error, missing fingers, extra digit, fewer digits, cropped, worst quality, low quality, normal quality, jpeg artifacts, signature, watermark, username, blurry,no_humans", "steps": 32, "sampler_index": "DPM2 Karras", "cfg_scale": 11.0, "seed": 132748069, "width": 1024, "height": 512, "model_hash": "e6e8e1fc", "denoising_strength": 0.0}
f777a40f-06a2-4e3c-8d8f-7aec4a939763	{"prompt": "high quality,highres,1girl,cloud, scenery, sunset", "negative_prompt": "lowres, bad anatomy, bad hands, text, error, missing fingers, extra digit, fewer digits, cropped, worst quality, low quality, normal quality, jpeg artifacts, signature, watermark, username, blurry", "steps": 32, "sampler_index": "DPM2 Karras", "cfg_scale": 11.0, "seed": 813963880, "width": 1536, "height": 512, "model_hash": "e6e8e1fc", "denoising_strength": 0.0}
1a033d94-20ee-4315-984c-adc26152e6aa	{"prompt": "high quality,highres,1girl,cloud, scenery, sunset", "negative_prompt": "lowres, bad anatomy, bad hands, text, error, missing fingers, extra digit, fewer digits, cropped, worst quality, low quality, normal quality, jpeg artifacts, signature, watermark, username, blurry", "steps": 32, "sampler_index": "DPM2 Karras", "cfg_scale": 11.0, "seed": 711365939, "width": 1024, "height": 512, "model_hash": "e6e8e1fc", "denoising_strength": 0.0}
70274ac7-5174-4aea-b46a-63fafea0b6f2	{"prompt": "high quality,highres,1girl, cloud, high quality,highres,1girl,cloud, scenery, sunset", "negative_prompt": "lowres, bad anatomy, bad hands, text, error, missing fingers, extra digit, fewer digits, cropped, worst quality, low quality, normal quality, jpeg artifacts, signature, watermark, username, blurry,no_humans, lowres, bad anatomy, bad hands, text, error, missing fingers, extra digit, fewer digits, cropped, worst quality, low quality, normal quality, jpeg artifacts, signature, watermark, username, blurry,no_humans", "steps": 32, "sampler_index": "DPM2 Karras", "cfg_scale": 11.0, "seed": 2876231024, "width": 1024, "height": 512, "model_hash": "e6e8e1fc", "denoising_strength": 0.0}
dfe0df1d-3227-4cbe-a968-85912f8b15f8	{"prompt": "high quality,highres,1girl,cloud, scenery, sunset", "negative_prompt": "lowres, bad anatomy, bad hands, text, error, missing fingers, extra digit, fewer digits, cropped, worst quality, low quality, normal quality, jpeg artifacts, signature, watermark, username, blurry", "steps": 32, "sampler_index": "DPM2 Karras", "cfg_scale": 11.0, "seed": 2473245316, "width": 1024, "height": 512, "model_hash": "e6e8e1fc", "denoising_strength": 0.0}
e168d32e-5a6e-4cc7-b074-5ed917d8d70e	{"prompt": "high quality,highres,1girl, cloud, high quality,highres,1girl,cloud, scenery, sunset", "negative_prompt": "lowres, bad anatomy, bad hands, text, error, missing fingers, extra digit, fewer digits, cropped, worst quality, low quality, normal quality, jpeg artifacts, signature, watermark, username, blurry,no_humans, lowres, bad anatomy, bad hands, text, error, missing fingers, extra digit, fewer digits, cropped, worst quality, low quality, normal quality, jpeg artifacts, signature, watermark, username, blurry,no_humans", "steps": 32, "sampler_index": "DPM2 Karras", "cfg_scale": 11.0, "seed": 571428401, "width": 1024, "height": 512, "model_hash": "e6e8e1fc", "denoising_strength": 0.0}
63bcf8b2-0735-4fea-a44e-9aa0fe92ef37	{"prompt": "high quality,highres,1girl,cloud, scenery, sunset, prpr", "negative_prompt": "lowres, bad anatomy, bad hands, text, error, missing fingers, extra digit, fewer digits, cropped, worst quality, low quality, normal quality, jpeg artifacts, signature, watermark, username, blurry", "steps": 32, "sampler_index": "DPM2 Karras", "cfg_scale": 11.0, "seed": 127018520, "width": 1536, "height": 512, "model_hash": "e6e8e1fc", "denoising_strength": 0.0}
f01d88d0-7116-4922-b6c0-6c6d437a5eb6	{"prompt": "prpr,high quality,highres,1girl,cloud, scenery, sunset", "negative_prompt": "lowres, bad anatomy, bad hands, text, error, missing fingers, extra digit, fewer digits, cropped, worst quality, low quality, normal quality, jpeg artifacts, signature, watermark, username, blurry", "steps": 32, "sampler_index": "DPM2 Karras", "cfg_scale": 11.0, "seed": 2809190552, "width": 512, "height": 1024, "model_hash": "e6e8e1fc", "denoising_strength": 0.0}
3494c1a2-edf0-4a4a-b438-8340d64370a3	{"prompt": "prpr,high quality,highres,1girl,cloud, scenery, sunset", "negative_prompt": "lowres, bad anatomy, bad hands, text, error, missing fingers, extra digit, fewer digits, cropped, worst quality, low quality, normal quality, jpeg artifacts, signature, watermark, username, blurry", "steps": 32, "sampler_index": "DPM2 Karras", "cfg_scale": 11.0, "seed": 1999261709, "width": 512, "height": 1024, "model_hash": "e6e8e1fc", "denoising_strength": 0.0}
a62f9dd0-108f-4475-b301-8eb20b995f1e	{"prompt": "prpr,high quality,highres,1girl,cloud, scenery, sunset", "negative_prompt": "lowres, bad anatomy, bad hands, text, error, missing fingers, extra digit, fewer digits, cropped, worst quality, low quality, normal quality, jpeg artifacts, signature, watermark, username, blurry", "steps": 32, "sampler_index": "DPM2 Karras", "cfg_scale": 11.0, "seed": 582907359, "width": 512, "height": 1536, "model_hash": "e6e8e1fc", "denoising_strength": 0.0}
659b6482-5653-472f-a161-c86d10ec92cd	{"prompt": "prpr,high quality,highres,1girl,cloud, scenery, sunset", "negative_prompt": "lowres, bad anatomy, bad hands, text, error, missing fingers, extra digit, fewer digits, cropped, worst quality, low quality, normal quality, jpeg artifacts, signature, watermark, username, blurry", "steps": 32, "sampler_index": "DPM2 Karras", "cfg_scale": 11.0, "seed": 1403170834, "width": 512, "height": 512, "model_hash": "e6e8e1fc", "denoising_strength": 0.0}
761d8cf9-14e4-4b7a-bd8d-1fa7ee859c6f	{"prompt": "prpr,high quality,highres,1girl,cloud, scenery, sunset", "negative_prompt": "lowres, bad anatomy, bad hands, text, error, missing fingers, extra digit, fewer digits, cropped, worst quality, low quality, normal quality, jpeg artifacts, signature, watermark, username, blurry", "steps": 32, "sampler_index": "DPM2 Karras", "cfg_scale": 11.0, "seed": 3559481533, "width": 512, "height": 512, "model_hash": "e6e8e1fc", "denoising_strength": 0.0}
2e774f6a-0462-4851-85e0-78525fc64a25	{"prompt": "high quality,highres,1girl,cloud, scenery, sunset", "negative_prompt": "lowres, bad anatomy, bad hands, text, error, missing fingers, extra digit, fewer digits, cropped, worst quality, low quality, normal quality, jpeg artifacts, signature, watermark, username, blurry", "steps": 32, "sampler_index": "DPM2 Karras", "cfg_scale": 11.0, "seed": 3735592336, "width": 1024, "height": 512, "model_hash": "e6e8e1fc", "denoising_strength": 0.0}
5f8e86c0-34ad-4b66-9116-778f19388b12	{"prompt": "high quality,highres,1girl,cloud, scenery, sunset", "negative_prompt": "lowres, bad anatomy, bad hands, text, error, missing fingers, extra digit, fewer digits, cropped, worst quality, low quality, normal quality, jpeg artifacts, signature, watermark, username, blurry", "steps": 32, "sampler_index": "DPM2 Karras", "cfg_scale": 11.0, "seed": 3698442547, "width": 1024, "height": 512, "model_hash": "e6e8e1fc", "denoising_strength": 0.0}
6544ab88-3be2-46f9-94bb-779a169e25fd	{"prompt": "prpr", "negative_prompt": "lowres, bad anatomy, bad hands, text, error, missing fingers, extra digit, fewer digits, cropped, worst quality, low quality, normal quality, jpeg artifacts, signature, watermark, username, blurry", "steps": 32, "sampler_index": "DPM2 Karras", "cfg_scale": 11.0, "seed": 1021882705, "width": 1024, "height": 512, "model_hash": "e6e8e1fc", "denoising_strength": 0.0}
4e37a419-8441-45ce-91fe-231c40ee5ec8	{"prompt": "high quality,highres,1girl,cloud, scenery, sunset", "negative_prompt": "lowres, bad anatomy, bad hands, text, error, missing fingers, extra digit, fewer digits, cropped, worst quality, low quality, normal quality, jpeg artifacts, signature, watermark, username, blurry", "steps": 32, "sampler_index": "DPM2 Karras", "cfg_scale": 11.0, "seed": 3049121829, "width": 1024, "height": 512, "model_hash": "e6e8e1fc", "denoising_strength": 0.0}
306181f9-d99d-4651-8921-c10d803bab37	{"prompt": "high quality,highres,1girl,cloud, scenery, sunset", "negative_prompt": "lowres, bad anatomy, bad hands, text, error, missing fingers, extra digit, fewer digits, cropped, worst quality, low quality, normal quality, jpeg artifacts, signature, watermark, username, blurry", "steps": 70, "sampler_index": "DDIM", "cfg_scale": 11.0, "seed": 2606102348, "width": 512, "height": 512, "model_hash": "e6e8e1fc", "denoising_strength": 0.0}
83b837c4-6dca-402a-b450-b4c303444ebe	{"prompt": "high quality,highres,1girl,cloud, scenery, sunset", "negative_prompt": "lowres, bad anatomy, bad hands, text, error, missing fingers, extra digit, fewer digits, cropped, worst quality, low quality, normal quality, jpeg artifacts, signature, watermark, username, blurry", "steps": 38, "sampler_index": "Euler a", "cfg_scale": 11.0, "seed": 679260909, "width": 1024, "height": 512, "model_hash": "e6e8e1fc", "denoising_strength": 0.0}
234892f5-0ef0-4894-bd05-fcf65821cb14	{"prompt": "high quality,highres,1girl,cloud, scenery, sunset", "negative_prompt": "lowres, bad anatomy, bad hands, text, error, missing fingers, extra digit, fewer digits, cropped, worst quality, low quality, normal quality, jpeg artifacts, signature, watermark, username, blurry", "steps": 65, "sampler_index": "LMS", "cfg_scale": 11.0, "seed": 145962406, "width": 1024, "height": 512, "model_hash": "e6e8e1fc", "denoising_strength": 0.0}
1a778ce9-c988-4d17-9b06-cc7bea78ea6c	{"prompt": "high quality,highres,1girl,cloud, scenery, sunset", "negative_prompt": "lowres, bad anatomy, bad hands, text, error, missing fingers, extra digit, fewer digits, cropped, worst quality, low quality, normal quality, jpeg artifacts, signature, watermark, username, blurry", "steps": 32, "sampler_index": "DPM2 Karras", "cfg_scale": 11.0, "seed": 1952800390, "width": 1024, "height": 512, "model_hash": "e6e8e1fc", "denoising_strength": 0.0}
788f1ca9-442d-4d3d-80ec-f57ee58cef8a	{"prompt": "high quality,highres,1girl,cloud, scenery, sunset", "negative_prompt": "lowres, bad anatomy, bad hands, text, error, missing fingers, extra digit, fewer digits, cropped, worst quality, low quality, normal quality, jpeg artifacts, signature, watermark, username, blurry", "steps": 32, "sampler_index": "DPM2 Karras", "cfg_scale": 11.0, "seed": 1815097265, "width": 1024, "height": 512, "model_hash": "e6e8e1fc", "denoising_strength": 0.0}
d9654b76-51b4-4a1b-89e6-8377e18fe594	{"prompt": "high quality,highres,1girl, cloud, high quality,highres,1girl,cloud, scenery, sunset", "negative_prompt": "lowres, bad anatomy, bad hands, text, error, missing fingers, extra digit, fewer digits, cropped, worst quality, low quality, normal quality, jpeg artifacts, signature, watermark, username, blurry,no_humans, lowres, bad anatomy, bad hands, text, error, missing fingers, extra digit, fewer digits, cropped, worst quality, low quality, normal quality, jpeg artifacts, signature, watermark, username, blurry,no_humans", "steps": 32, "sampler_index": "DPM2 Karras", "cfg_scale": 11.0, "seed": 920080905, "width": 1024, "height": 512, "model_hash": "e6e8e1fc", "denoising_strength": 0.0}
37cdbee5-6443-4690-9eeb-25fb0c330da6	{"prompt": "high quality,highres,1girl, cloud, high quality,highres,1girl,cloud, scenery, sunset", "negative_prompt": "lowres, bad anatomy, bad hands, text, error, missing fingers, extra digit, fewer digits, cropped, worst quality, low quality, normal quality, jpeg artifacts, signature, watermark, username, blurry,no_humans, lowres, bad anatomy, bad hands, text, error, missing fingers, extra digit, fewer digits, cropped, worst quality, low quality, normal quality, jpeg artifacts, signature, watermark, username, blurry,no_humans", "steps": 32, "sampler_index": "DPM2 Karras", "cfg_scale": 11.0, "seed": 1398706849, "width": 1024, "height": 512, "model_hash": "e6e8e1fc", "denoising_strength": 0.0}
83c8fc8f-03a4-4d67-aedf-b8a0906b9e28	{"prompt": "high quality,highres,1girl, cloud, high quality,highres,1girl,cloud, scenery, sunset", "negative_prompt": "lowres, bad anatomy, bad hands, text, error, missing fingers, extra digit, fewer digits, cropped, worst quality, low quality, normal quality, jpeg artifacts, signature, watermark, username, blurry,no_humans, lowres, bad anatomy, bad hands, text, error, missing fingers, extra digit, fewer digits, cropped, worst quality, low quality, normal quality, jpeg artifacts, signature, watermark, username, blurry,no_humans", "steps": 32, "sampler_index": "DPM2 Karras", "cfg_scale": 11.0, "seed": 3926240289, "width": 1024, "height": 512, "model_hash": "e6e8e1fc", "denoising_strength": 0.0}
bec878a8-6e0e-45db-a582-29d356226d0e	{"prompt": "high quality,highres,1girl,cloud, scenery, sunset", "negative_prompt": "lowres, bad anatomy, bad hands, text, error, missing fingers, extra digit, fewer digits, cropped, worst quality, low quality, normal quality, jpeg artifacts, signature, watermark, username, blurry", "steps": 32, "sampler_index": "DPM2 Karras", "cfg_scale": 11.0, "seed": 4158060155, "width": 1024, "height": 512, "model_hash": "e6e8e1fc", "denoising_strength": 0.0}
70c1b95f-e405-48cd-9fac-24953dca9900	{"prompt": "high quality,highres,1girl,cloud, scenery, sunset", "negative_prompt": "lowres, bad anatomy, bad hands, text, error, missing fingers, extra digit, fewer digits, cropped, worst quality, low quality, normal quality, jpeg artifacts, signature, watermark, username, blurry", "steps": 32, "sampler_index": "DPM2 Karras", "cfg_scale": 11.0, "seed": 1755194030, "width": 1024, "height": 512, "model_hash": "e6e8e1fc", "denoising_strength": 0.0}
e585bdd0-ce57-495f-be7c-9564f3e46ec7	{"prompt": "high quality,highres,1girl,cloud, scenery, sunset", "negative_prompt": "lowres, bad anatomy, bad hands, text, error, missing fingers, extra digit, fewer digits, cropped, worst quality, low quality, normal quality, jpeg artifacts, signature, watermark, username, blurry", "steps": 32, "sampler_index": "DPM2 Karras", "cfg_scale": 11.0, "seed": 2510478389, "width": 1024, "height": 512, "model_hash": "e6e8e1fc", "denoising_strength": 0.0}
c9699ad0-bd83-4ac1-961d-b51cee5fb477	{"prompt": "music sheet, high quality, highres, masterpiece", "negative_prompt": "lowres, bad anatomy, bad hands, text, error, missing fingers, extra digit, fewer digits, cropped, worst quality, low quality, normal quality, jpeg artifacts, signature, watermark, username, blurry", "steps": 32, "sampler_index": "DPM2 Karras", "cfg_scale": 11.0, "seed": 3194071880, "width": 1024, "height": 512, "model_hash": "e6e8e1fc", "denoising_strength": 0.0}
62545d6a-f154-4fc2-b8c0-c36076a57426	{"prompt": "high quality,highres,1girl,cloud, scenery, sunset", "negative_prompt": "lowres, bad anatomy, bad hands, text, error, missing fingers, extra digit, fewer digits, cropped, worst quality, low quality, normal quality, jpeg artifacts, signature, watermark, username, blurry", "steps": 32, "sampler_index": "DPM2 Karras", "cfg_scale": 11.0, "seed": 580705256, "width": 1024, "height": 512, "model_hash": "e6e8e1fc", "denoising_strength": 0.0}
